INSERT INTO public.users (user_id, birth_date, email, gender, language, name, nif, notifications, password, phone, auxiliar_phone, photo, second_surname, surname, username) VALUES ('1', NULL, NULL, NULL, 'CATALAN', 'Profe1', NULL, true, NULL, NULL, NULL, NULL, '2 roles', 'Alumne1', 'usuari1');
INSERT INTO public.users (user_id, birth_date, email, gender, language, name, nif, notifications, password, phone, auxiliar_phone, photo, second_surname, surname, username) VALUES ('2', NULL, NULL, NULL, 'CATALAN', 'Profe2', NULL, true, NULL, NULL, NULL, NULL, '1 role', 'Profe2', 'usuari2');
INSERT INTO public.users (user_id, birth_date, email, gender, language, name, nif, notifications, password, phone, auxiliar_phone, photo, second_surname, surname, username) VALUES ('3', NULL, NULL, NULL, 'CATALAN', 'Profe3', NULL, true, NULL, NULL, NULL, NULL, '1 role', 'Profe3', 'usuari3');
INSERT INTO public.courses (course_id, end_date, start_date) VALUES ('1', 2018, 2019);
INSERT INTO public.groups (group_id, group_value, level, name, stage, course_id) VALUES ('1', 'A', 1, 'Picasoques', 0, '1');
INSERT INTO public.subjects (subject_id, department, name, group_id) VALUES ('1', 0, 'Català', '1');
INSERT INTO public.subjects (subject_id, department, name, group_id) VALUES ('2', NULL, 'consultation-hours', NULL);
INSERT INTO public.chapters (chapter_id, title, nextchapter_chapter_id, subject_id) VALUES ('1', 'Tema 1', NULL, '1');
INSERT INTO public.chapters (chapter_id, title, nextchapter_chapter_id, subject_id) VALUES ('2', 'Tema 2', '1', '1');
INSERT INTO public.conversation (conversation_id, description, last_message_date, reported, title) VALUES ('ff8080817169ea48017169f325560000', 'Xaxaxaxaxa', '2020-04-11 17:54:51.566', false, 'Xat per català');
INSERT INTO public.conversationuser (last_visit, new_messages, userconversation_conversation_id, user_user_id) VALUES ('2020-04-11 17:54:38.559', true, 'ff8080817169ea48017169f325560000', '1');
INSERT INTO public.conversationuser (last_visit, new_messages, userconversation_conversation_id, user_user_id) VALUES ('2020-04-11 17:54:34.988', true, 'ff8080817169ea48017169f325560000', '2');
INSERT INTO public.role_user (role_id, role_key, user_id) VALUES ('1', 1, '1');
INSERT INTO public.role_user (role_id, role_key, user_id) VALUES ('2', 0, '1');
INSERT INTO public.role_user (role_id, role_key, user_id) VALUES ('3', 1, '2');
INSERT INTO public.role_user (role_id, role_key, user_id) VALUES ('4', 1, '3');
INSERT INTO public.role_student (role_id, group_id) VALUES ('2', '1');
INSERT INTO public.messages (message_id, date, message_body, subject, conversation_id, user_id) VALUES ('ff8080817169ea48017169f366c20001', '2020-04-11 17:54:51.447', 'Momom', 'Mememe', 'ff8080817169ea48017169f325560000', '1');
INSERT INTO public.role_teacher (department, role_id) VALUES (0, '1');
INSERT INTO public.role_teacher (department, role_id) VALUES (0, '3');
INSERT INTO public.role_teacher (department, role_id) VALUES (0, '4');
INSERT INTO public.spaces (space_id, blackboard, capacity, interior, name, platform, projector, tables, typology) VALUES ('1', true, 30, false, 'Laboratori 203.1', true, false, true, 0);
INSERT INTO public.task (task_id, date, deadline, description, task_type, title, value, chapter_id) VALUES ('1', '2010-09-12 00:00:00', '2020-12-20 00:00:00', 'Tasky task', 0, 'Tasky task', 10, '1');
INSERT INTO public.task (task_id, date, deadline, description, task_type, title, value, chapter_id) VALUES ('ff808081718c92a001718c9c6b0d0000', NULL, '2020-04-23 23:59:00', 'dfg', 2, 'dfg', 10, '2');
INSERT INTO public.teacher_subjects (subjects_subject_id, teachers_role_id) VALUES ('1', '1');
INSERT INTO public.timelines (timeline_id, finishing_hour, starting_hour, weekday, space_id, subject_id, teacher_id) VALUES ('1', '10:30', '09:00', 0, '1', '1', '1');
INSERT INTO public.timelines (timeline_id, finishing_hour, starting_hour, weekday, space_id, subject_id, teacher_id) VALUES ('2', '12:00', '11:30', 0, '1', '1', '1');
INSERT INTO public.timelines (timeline_id, finishing_hour, starting_hour, weekday, space_id, subject_id, teacher_id) VALUES ('3', '10:30', '09:00', 2, '1', '1', '1');
INSERT INTO public.timelines (timeline_id, finishing_hour, starting_hour, weekday, space_id, subject_id, teacher_id) VALUES ('4', '12:00', '11:30', 3, '1', '1', '1');
INSERT INTO public.timelines (timeline_id, finishing_hour, starting_hour, weekday, space_id, subject_id, teacher_id) VALUES ('5', '10:30', '09:00', 1, '1', '1', '1');
INSERT INTO public.timelines (timeline_id, finishing_hour, starting_hour, weekday, space_id, subject_id, teacher_id) VALUES ('6', '12:00', '11:30', 4, '1', '1', '1');
INSERT INTO public.timelines (timeline_id, finishing_hour, starting_hour, weekday, space_id, subject_id, teacher_id) VALUES ('0', '17:00', '14:30', 4, '1', '2', '1');

